{"cameraMode":{"drawMode":0,"name":"Shaded","section":"Shading Mode"},"sceneLighting":false,"audioPlay":false,"sceneViewState":{"showFog":true,"showMaterialUpdate":false,"showSkybox":true,"showFlares":true,"showImageEffects":true,"showParticleSystems":true},"in2DMode":false,"pivot":{"x":353.7514953613281,"y":9.261064529418946,"z":-34.53626251220703},"rotation":{"x":-0.0030169724486768247,"y":0.9767258167266846,"z":-0.21402782201766969,"w":-0.013776520267128945},"size":183.84530639648438,"orthographic":false}