{"cameraMode":{"drawMode":0,"name":"Shaded","section":"Shading Mode"},"sceneLighting":true,"audioPlay":false,"sceneViewState":{"showFog":true,"showMaterialUpdate":false,"showSkybox":true,"showFlares":true,"showImageEffects":true,"showParticleSystems":true},"in2DMode":false,"pivot":{"x":-6.783672332763672,"y":-3.292682647705078,"z":-1.2310676574707032},"rotation":{"x":-0.03406243398785591,"y":0.9588499665260315,"z":-0.24966144561767579,"w":-0.13082696497440339},"size":64.69995880126953,"orthographic":false}