{"cameraMode":{"drawMode":0,"name":"Shaded","section":"Shading Mode"},"sceneLighting":false,"audioPlay":false,"sceneViewState":{"showFog":true,"showMaterialUpdate":false,"showSkybox":true,"showFlares":true,"showImageEffects":true,"showParticleSystems":true},"in2DMode":false,"pivot":{"x":-0.6106435656547546,"y":2.979469060897827,"z":-2.6957740783691408},"rotation":{"x":0.0026546819135546686,"y":0.9847297668457031,"z":-0.1734168529510498,"w":0.015063958242535591},"size":35.59403610229492,"orthographic":false}