{"cameraMode":{"drawMode":0,"name":"Shaded","section":"Shading Mode"},"sceneLighting":false,"audioPlay":false,"sceneViewState":{"showFog":true,"showMaterialUpdate":false,"showSkybox":true,"showFlares":true,"showImageEffects":true,"showParticleSystems":true},"in2DMode":false,"pivot":{"x":0.2727212905883789,"y":2.8945703506469728,"z":-1.99342942237854},"rotation":{"x":0.0015642589423805476,"y":0.9454407691955566,"z":-0.3257588744163513,"w":0.004534387961030006},"size":55.04128646850586,"orthographic":false}